{
  "per_slot": {
    "slot_t0_mae": [
      0.8167183685975923,
      3.0263171766590555,
      5.229590652967742,
      8.432328643169695,
      11.663841671729466,
      18.06225055156683,
      0.0
    ],
    "slot_amp_mae": [
      0.465680227508456,
      0.8271763990363661,
      1.2613911049758177,
      1.5403136186572215,
      1.6523335540311745,
      1.6836547765655157,
      0.0
    ],
    "slot_t0_rmse": [
      1.2293948091625115,
      5.9899188455146595,
      9.680032043533576,
      16.786357560547987,
      23.85154853316304,
      34.576007510075165,
      0.0
    ],
    "slot_amp_rmse": [
      0.9028262331323612,
      1.318334865167064,
      1.794266865197619,
      2.1506800110307904,
      2.4179245857899776,
      2.7782884426339187,
      0.0
    ]
  },
  "error_vs_count": {
    "per_count_t0_bias": {
      "1": -0.23112642901572425,
      "2": -0.3555168873677214,
      "3": -0.3442227260345239,
      "4": -1.3394085463662406,
      "5": -0.9796272129891305,
      "6": 0.10870774551643643
    },
    "per_count_amp_bias": {
      "1": -0.031519193711622345,
      "2": -0.026478967540294676,
      "3": -0.02801821334187388,
      "4": -0.0320383398548872,
      "5": 0.019020089031413192,
      "6": 0.1601511192639515
    },
    "per_count_t0_std": {
      "1": 1.3564641239567528,
      "2": 4.014968889332083,
      "3": 5.9852176219299675,
      "4": 10.141059555354278,
      "5": 10.946718028471816,
      "6": 9.831797337028494
    },
    "per_count_amp_std": {
      "1": 0.30815568364700724,
      "2": 0.7565157441235442,
      "3": 1.116702587326772,
      "4": 1.6155117899730649,
      "5": 1.7445164184572972,
      "6": 1.775856467876069
    }
  },
  "temporal_profile": {
    "binned_t0_mae_by_position": {
      "0-10ns": 1.2762771973102578,
      "10-20ns": 1.7316987345226424,
      "20-30ns": 2.313259428750485,
      "30-40ns": 3.016888707139268,
      "40-50ns": 3.469962068049404,
      "50-60ns": 3.7062818618751954,
      "60-70ns": 3.839978497806967,
      "70-80ns": 4.066714528426962,
      "80-90ns": 4.576138865088873,
      "90-100ns": 5.581821442367323,
      "100-110ns": 7.168366389839693,
      "110-120ns": 8.880929422724726
    }
  },
  "amplitude_dependency": {
    "amplitude_quartile_metrics": {
      "<5.1": {
        "amp_mae": 1.23740085275556,
        "t0_mae": 5.123637527532718,
        "n": 36764
      },
      "5.1-7.3": {
        "amp_mae": 0.7948674989080411,
        "t0_mae": 4.071046468898458,
        "n": 36764
      },
      "7.3-9.5": {
        "amp_mae": 0.7195230276758312,
        "t0_mae": 3.650266920104955,
        "n": 36764
      },
      ">9.5": {
        "amp_mae": 1.0939106905485823,
        "t0_mae": 3.340740974652787,
        "n": 36764
      }
    }
  },
  "spacing": {
    "spacing_t0_mae_spearman": -0.5677805322703293,
    "spacing_amp_mae_spearman": -0.5790462803614858,
    "n_multi_signal_waveforms": 35751
  },
  "worst_cases": {
    "worst_cases": [
      {
        "index": 30618,
        "total_error": 227.25773758305402,
        "true_count": 6,
        "pred_count": 6
      },
      {
        "index": 10148,
        "total_error": 215.76006548097226,
        "true_count": 6,
        "pred_count": 5
      },
      {
        "index": 7510,
        "total_error": 207.84535540440157,
        "true_count": 6,
        "pred_count": 6
      },
      {
        "index": 35962,
        "total_error": 199.5089540218563,
        "true_count": 5,
        "pred_count": 4
      },
      {
        "index": 14584,
        "total_error": 198.46908061162378,
        "true_count": 6,
        "pred_count": 6
      },
      {
        "index": 30441,
        "total_error": 196.38616972855664,
        "true_count": 6,
        "pred_count": 6
      },
      {
        "index": 9167,
        "total_error": 195.69100087058143,
        "true_count": 6,
        "pred_count": 6
      },
      {
        "index": 36411,
        "total_error": 194.93053328513207,
        "true_count": 5,
        "pred_count": 5
      },
      {
        "index": 1981,
        "total_error": 194.8264460119317,
        "true_count": 3,
        "pred_count": 3
      },
      {
        "index": 20272,
        "total_error": 194.58461047888272,
        "true_count": 6,
        "pred_count": 6
      },
      {
        "index": 28316,
        "total_error": 193.92280743404476,
        "true_count": 4,
        "pred_count": 4
      },
      {
        "index": 15376,
        "total_error": 193.58649745344024,
        "true_count": 6,
        "pred_count": 6
      },
      {
        "index": 39651,
        "total_error": 191.75482495129094,
        "true_count": 6,
        "pred_count": 6
      },
      {
        "index": 20027,
        "total_error": 191.07435237365405,
        "true_count": 6,
        "pred_count": 6
      },
      {
        "index": 19578,
        "total_error": 190.36294135406953,
        "true_count": 5,
        "pred_count": 5
      },
      {
        "index": 29795,
        "total_error": 189.96480892841123,
        "true_count": 4,
        "pred_count": 4
      },
      {
        "index": 33845,
        "total_error": 189.7078019938601,
        "true_count": 4,
        "pred_count": 4
      },
      {
        "index": 2177,
        "total_error": 189.4187708964556,
        "true_count": 6,
        "pred_count": 6
      },
      {
        "index": 7235,
        "total_error": 189.36498769563676,
        "true_count": 6,
        "pred_count": 5
      },
      {
        "index": 17411,
        "total_error": 189.3107612064512,
        "true_count": 5,
        "pred_count": 5
      }
    ],
    "error_percentiles": {
      "p50": 7.420053289261816,
      "p90": 39.071986294124954,
      "p95": 55.517960925513385,
      "p99": 106.91179297788251
    }
  },
  "count_model": {
    "per_class_accuracy": {
      "0": 1.0,
      "1": 0.998469884545834,
      "2": 0.9914729748315225,
      "3": 0.9586753861138166,
      "4": 0.8703806612948041,
      "5": 0.794201656669523,
      "6": 0.838150289017341
    },
    "top_misclassifications": [
      {
        "true": 6,
        "pred": 5,
        "count": 1108
      },
      {
        "true": 5,
        "pred": 6,
        "count": 740
      },
      {
        "true": 5,
        "pred": 4,
        "count": 684
      },
      {
        "true": 4,
        "pred": 3,
        "count": 483
      },
      {
        "true": 4,
        "pred": 5,
        "count": 450
      },
      {
        "true": 3,
        "pred": 2,
        "count": 177
      },
      {
        "true": 3,
        "pred": 4,
        "count": 120
      },
      {
        "true": 6,
        "pred": 4,
        "count": 40
      },
      {
        "true": 2,
        "pred": 3,
        "count": 34
      },
      {
        "true": 2,
        "pred": 1,
        "count": 28
      }
    ],
    "count_error_mean": -0.02486,
    "count_error_std": 0.28397531653296915,
    "classification_report": {
      "0": {
        "precision": 0.9997167941093175,
        "recall": 1.0,
        "f1-score": 0.9998583770004249,
        "support": 7060.0
      },
      "1": {
        "precision": 0.9961143491534832,
        "recall": 0.998469884545834,
        "f1-score": 0.9972907259465092,
        "support": 7189.0
      },
      "2": {
        "precision": 0.9748478701825558,
        "recall": 0.9914729748315225,
        "f1-score": 0.98309014046093,
        "support": 7271.0
      },
      "3": {
        "precision": 0.9280711206896551,
        "recall": 0.9586753861138166,
        "f1-score": 0.9431250427759907,
        "support": 7187.0
      },
      "4": {
        "precision": 0.8812772541848362,
        "recall": 0.8703806612948041,
        "f1-score": 0.8757950653526246,
        "support": 7198.0
      },
      "5": {
        "precision": 0.7811490377862059,
        "recall": 0.794201656669523,
        "f1-score": 0.7876212732809291,
        "support": 7002.0
      },
      "6": {
        "precision": 0.8893044128646223,