{
  "per_slot": {
    "slot_t0_mae": [
      12.107385218599191,
      17.483178046883342,
      29.852418456121285,
      41.70159176682411,
      53.47503017594049,
      60.18947847065058,
      0.0
    ],
    "slot_amp_mae": [
      3.8244826556811162,
      2.822207502896709,
      2.9602441115968423,
      2.7195411703325743,
      2.7154619108682354,
      3.1497641842844715,
      0.0
    ],
    "slot_t0_rmse": [
      20.11773929085376,
      24.18546565222355,
      36.52654751324811,
      46.40374342257924,
      55.99182007929491,
      62.465963793747136,
      0.0
    ],
    "slot_amp_rmse": [
      4.640471277797639,
      3.5407079691738765,
      3.6213600493871425,
      3.5170026508867736,
      3.5132823544172473,
      3.9496488077166054,
      0.0
    ]
  },
  "error_vs_count": {
    "per_count_t0_bias": {
      "1": -44.434052715496136,
      "2": -23.133575408255496,
      "3": -24.25291225104562,
      "4": -23.49087235414595,
      "5": -26.23546677401483,
      "6": -26.64074365524772
    },
    "per_count_amp_bias": {
      "1": -3.1306408056547173,
      "2": -2.9375599417401737,
      "3": -3.145731746244507,
      "4": -2.7868856806415647,
      "5": -2.876059455362575,
      "6": -2.995403397302833
    },
    "per_count_t0_std": {
      "1": 29.907054870838397,
      "2": 25.39356455242991,
      "3": 26.445127621898393,
      "4": 25.730390927127463,
      "5": 26.904898711965252,
      "6": 25.6644634087082
    },
    "per_count_amp_std": {
      "1": 2.2359987272611415,
      "2": 2.7257829951084234,
      "3": 2.700329634401676,
      "4": 2.560045048677772,
      "5": 2.546741219146074,
      "6": 2.4565134642200506
    }
  },
  "temporal_profile": {
    "binned_t0_mae_by_position": {
      "0-10ns": 12.02853840138732,
      "10-20ns": 8.040110733595402,
      "20-30ns": 3.8882738659923795,
      "30-40ns": 3.6003971965607047,
      "40-50ns": 7.940960539615438,
      "50-60ns": 17.324543356648636,
      "60-70ns": 26.589700081711914,
      "70-80ns": 37.22663385106327,
      "80-90ns": 47.728142805719834,
      "90-100ns": 57.94730154620672,
      "100-110ns": 67.60388849274732,
      "110-120ns": 73.049683454951
    }
  },
  "amplitude_dependency": {
    "amplitude_quartile_metrics": {
      "<5.3": {
        "amp_mae": 1.4911404234165397,
        "t0_mae": 28.002783564395465,
        "n": 337
      },
      "5.3-7.5": {
        "amp_mae": 1.9377556520711003,
        "t0_mae": 27.72868368675164,
        "n": 337
      },
      "7.5-9.6": {
        "amp_mae": 3.49491188183654,
        "t0_mae": 30.178388649658185,
        "n": 337
      },
      ">9.6": {
        "amp_mae": 5.466089404748776,
        "t0_mae": 26.756460208763837,
        "n": 338
      }
    }
  },
  "spacing": {
    "spacing_t0_mae_spearman": -0.04925997595191976,
    "spacing_amp_mae_spearman": 0.0294728212963005,
    "n_multi_signal_waveforms": 327
  },
  "worst_cases": {
    "worst_cases": [
      {
        "index": 434,
        "total_error": 332.75274930595486,
        "true_count": 6,
        "pred_count": 6
      },
      {
        "index": 180,
        "total_error": 326.02250568503547,
        "true_count": 6,
        "pred_count": 6
      },
      {
        "index": 166,
        "total_error": 314.0606906009296,
        "true_count": 6,
        "pred_count": 6
      },
      {
        "index": 397,
        "total_error": 291.43466392683166,
        "true_count": 5,
        "pred_count": 6
      },
      {
        "index": 316,
        "total_error": 287.0132593132372,
        "true_count": 6,
        "pred_count": 6
      },
      {
        "index": 391,
        "total_error": 278.640770764583,
        "true_count": 6,
        "pred_count": 6
      },
      {
        "index": 390,
        "total_error": 268.0997727845903,
        "true_count": 6,
        "pred_count": 6
      },
      {
        "index": 25,
        "total_error": 262.9261643673859,
        "true_count": 5,
        "pred_count": 6
      },
      {
        "index": 18,
        "total_error": 260.02715879002596,
        "true_count": 5,
        "pred_count": 5
      },
      {
        "index": 293,
        "total_error": 258.8040756419484,
        "true_count": 5,
        "pred_count": 5
      },
      {
        "index": 276,
        "total_error": 254.62239066826652,
        "true_count": 5,
        "pred_count": 5
      },
      {
        "index": 468,
        "total_error": 251.2181725058588,
        "true_count": 6,
        "pred_count": 6
      },
      {
        "index": 421,
        "total_error": 249.89743085323815,
        "true_count": 5,
        "pred_count": 5
      },
      {
        "index": 415,
        "total_error": 249.49786076754987,
        "true_count": 6,
        "pred_count": 6
      },
      {
        "index": 286,
        "total_error": 248.0617224513896,
        "true_count": 6,
        "pred_count": 6
      },
      {
        "index": 378,
        "total_error": 247.47539286439508,
        "true_count": 5,
        "pred_count": 5
      },
      {
        "index": 133,
        "total_error": 246.0212830301957,
        "true_count": 6,
        "pred_count": 6
      },
      {
        "index": 160,
        "total_error": 245.49405958191505,
        "true_count": 5,
        "pred_count": 5
      },
      {
        "index": 48,
        "total_error": 244.2264648153936,
        "true_count": 6,
        "pred_count": 6
      },
      {
        "index": 132,
        "total_error": 241.4364399223872,
        "true_count": 6,
        "pred_count": 6
      }
    ],
    "error_percentiles": {
      "p50": 88.73779167426851,
      "p90": 202.60361357620852,
      "p95": 232.64939868040767,
      "p99": 278.72449565006946
    }
  },
  "count_model": {
    "per_class_accuracy": {
      "0": 1.0,
      "1": 0.35714285714285715,
      "2": 0.1,
      "3": 0.03508771929824561,
      "4": 0.0547945205479452,
      "5": 0.5714285714285714,
      "6": 0.7866666666666666
    },
    "top_misclassifications": [
      {
        "true": 1,
        "pred": 0,
        "count": 42
      },
      {
        "true": 4,
        "pred": 6,
        "count": 37
      },
      {
        "true": 3,
        "pred": 6,
        "count": 31
      },
      {
        "true": 5,
        "pred": 6,
        "count": 29
      },
      {
        "true": 4,
        "pred": 5,
        "count": 26
      },
      {
        "true": 2,
        "pred": 0,
        "count": 22
      },
      {
        "true": 6,
        "pred": 5,
        "count": 16
      },
      {
        "true": 2,
        "pred": 5,
        "count": 14
      },
      {
        "true": 3,
        "pred": 5,
        "count": 14
      },
      {
        "true": 2,
        "pred": 6,
        "count": 13
      }
    ],
    "count_error_mean": 0.396,
    "count_error_std": 1.4937148322220009,
    "classification_report": {
      "0": {
        "precision": 0.5379310344827586,
        "recall": 1.0,
        "f1-score": 0.6995515695067265,
        "support": 78.0
      },
      "1": {
        "precision": 0.5681818181818182,
        "recall": 0.35714285714285715,
        "f1-score": 0.43859649122807015,
        "support": 70.0
      },
      "2": {
        "precision": 0.4666666666666667,
        "recall": 0.1,
        "f1-score": 0.16470588235294117,
        "support": 70.0
      },
      "3": {
        "precision": 0.2857142857142857,
        "recall": 0.03508771929824561,
        "f1-score": 0.0625,
        "support": 57.0
      },
      "4": {
        "precision": 1.0,
        "recall": 0.0547945205479452,
        "f1-score": 0.1038961038961039,
        "support": 73.0
      },
      "5": {
        "precision": 0.3826086956521739,
        "recall": 0.5714285714285714,
        "f1-score": 0.4583333333333333,
        "support": 77.0
      },
      "6": {
        "precision": 0.34705882352941175,
        "recall": 0.7866666666666666,
        "f1-score": 0.4816326530612245,
        "support": 75.0
      },