{
  "per_slot": {
    "slot_t0_mae": [
      9.955520464022277,
      13.500266298157797,
      25.365410030468418,
      35.9776813782346,
      45.06729980435632,
      57.254977653955564,
      0.0
    ],
    "slot_amp_mae": [
      2.6799422164910127,
      2.3905002421579513,
      2.691337084521517,
      2.613487256722495,
      2.650397490585613,
      3.1155363941526297,
      0.0
    ],
    "slot_t0_rmse": [
      13.253282314473324,
      18.176655018813534,
      31.82045513433977,
      41.90891903472951,
      49.19779305882614,
      59.232378143065866,
      0.0
    ],
    "slot_amp_rmse": [
      3.3501523095672807,
      2.940010683839973,
      3.2846009658591346,
      3.2978193016381665,
      3.3362816251738914,
      3.7477467397773623,
      0.0
    ]
  },
  "error_vs_count": {
    "per_count_t0_bias": {
      "1": -39.569698766500004,
      "2": -8.26430691524046,
      "3": -24.56319069178923,
      "4": -23.95764124399514,
      "5": -20.72518019808243,
      "6": -21.381854375565595
    },
    "per_count_amp_bias": {
      "1": -2.8500526688436136,
      "2": -4.604247672224063,
      "3": -2.4403289820404965,
      "4": -2.0578711157191147,
      "5": -2.2456324652151203,
      "6": -2.377026351500288
    },
    "per_count_t0_std": {
      "1": 19.32216690736829,
      "2": 11.882896712077994,
      "3": 23.591718247220733,
      "4": 24.98987295733552,
      "5": 26.175818053671883,
      "6": 25.82145302765225
    },
    "per_count_amp_std": {
      "1": 0.8140527897217263,
      "2": 2.8575877531117118,
      "3": 2.3933708008149672,
      "4": 2.3547198025835154,
      "5": 2.3073777039860013,
      "6": 2.318618192427465
    }
  },
  "temporal_profile": {
    "binned_t0_mae_by_position": {
      "0-10ns": 14.167999203465568,
      "10-20ns": 11.493412342682682,
      "20-30ns": 5.165512101328658,
      "30-40ns": 3.3290827296485315,
      "40-50ns": 6.548976816925681,
      "50-60ns": 12.165184575732727,
      "60-70ns": 22.069682362676275,
      "70-80ns": 30.65101861587876,
      "80-90ns": 41.76030453717517,
      "90-100ns": 53.17145502610224,
      "100-110ns": 61.399031922108385,
      "110-120ns": 67.24114999981217
    }
  },
  "amplitude_dependency": {
    "amplitude_quartile_metrics": {
      "<5.4": {
        "amp_mae": 1.3633178713329288,
        "t0_mae": 27.161604901258393,
        "n": 316
      },
      "5.4-7.7": {
        "amp_mae": 1.5509528067565,
        "t0_mae": 24.643958911757785,
        "n": 316
      },
      "7.7-9.7": {
        "amp_mae": 2.9296413514667385,
        "t0_mae": 26.26178732522941,
        "n": 316
      },
      ">9.7": {
        "amp_mae": 4.674983326806563,
        "t0_mae": 24.742404507531422,
        "n": 317
      }
    }
  },
  "spacing": {
    "spacing_t0_mae_spearman": -0.00792154217914655,
    "spacing_amp_mae_spearman": 0.14726593990183137,
    "n_multi_signal_waveforms": 271
  },
  "worst_cases": {
    "worst_cases": [
      {
        "index": 297,
        "total_error": 287.70660827452645,
        "true_count": 6,
        "pred_count": 6
      },
      {
        "index": 385,
        "total_error": 286.6425930009101,
        "true_count": 6,
        "pred_count": 6
      },
      {
        "index": 485,
        "total_error": 286.07665873204064,
        "true_count": 6,
        "pred_count": 6
      },
      {
        "index": 291,
        "total_error": 279.31809309872443,
        "true_count": 6,
        "pred_count": 6
      },
      {
        "index": 80,
        "total_error": 278.60841647111175,
        "true_count": 6,
        "pred_count": 6
      },
      {
        "index": 159,
        "total_error": 268.08314684213764,
        "true_count": 6,
        "pred_count": 6
      },
      {
        "index": 64,
        "total_error": 257.5571474856645,
        "true_count": 6,
        "pred_count": 6
      },
      {
        "index": 92,
        "total_error": 247.92223435361979,
        "true_count": 6,
        "pred_count": 6
      },
      {
        "index": 89,
        "total_error": 247.37983131710646,
        "true_count": 5,
        "pred_count": 5
      },
      {
        "index": 52,
        "total_error": 238.51337765686978,
        "true_count": 6,
        "pred_count": 6
      },
      {
        "index": 371,
        "total_error": 236.70138272640796,
        "true_count": 6,
        "pred_count": 6
      },
      {
        "index": 85,
        "total_error": 230.11624882823585,
        "true_count": 6,
        "pred_count": 6
      },
      {
        "index": 314,
        "total_error": 229.56123437626286,
        "true_count": 6,
        "pred_count": 6
      },
      {
        "index": 285,
        "total_error": 224.15686556241255,
        "true_count": 6,
        "pred_count": 6
      },
      {
        "index": 107,
        "total_error": 223.53877407438952,
        "true_count": 6,
        "pred_count": 6
      },
      {
        "index": 236,
        "total_error": 223.27669820114033,
        "true_count": 5,
        "pred_count": 5
      },
      {
        "index": 382,
        "total_error": 222.31658084488933,
        "true_count": 6,
        "pred_count": 6
      },
      {
        "index": 287,
        "total_error": 216.4496826941668,
        "true_count": 6,
        "pred_count": 6
      },
      {
        "index": 61,
        "total_error": 216.43099459411422,
        "true_count": 6,
        "pred_count": 6
      },
      {
        "index": 97,
        "total_error": 212.50383677491607,
        "true_count": 5,
        "pred_count": 6
      }
    ],
    "error_percentiles": {
      "p50": 64.0630881230794,
      "p90": 191.25375157247765,
      "p95": 208.65594710595013,
      "p99": 268.1883995384273
    }
  },
  "count_model": {
    "per_class_accuracy": {
      "0": 1.0,
      "1": 0.047619047619047616,
      "2": 0.0,
      "3": 0.06153846153846154,
      "4": 0.27710843373493976,
      "5": 0.4125,
      "6": 0.926829268292683
    },
    "top_misclassifications": [
      {
        "true": 1,
        "pred": 0,
        "count": 60
      },
      {
        "true": 2,
        "pred": 0,
        "count": 57
      },
      {
        "true": 4,
        "pred": 6,
        "count": 38
      },
      {
        "true": 5,
        "pred": 6,
        "count": 37
      },
      {
        "true": 3,
        "pred": 0,
        "count": 28
      },
      {
        "true": 3,
        "pred": 5,
        "count": 13
      },
      {
        "true": 3,
        "pred": 6,
        "count": 13
      },
      {
        "true": 4,
        "pred": 5,
        "count": 13
      },
      {
        "true": 4,
        "pred": 0,
        "count": 8
      },
      {
        "true": 5,
        "pred": 0,
        "count": 6
      }
    ],
    "count_error_mean": -0.266,
    "count_error_std": 1.5553919120273192,
    "classification_report": {
      "0": {
        "precision": 0.29646017699115046,
        "recall": 1.0,
        "f1-score": 0.45733788395904434,
        "support": 67.0
      },
      "1": {
        "precision": 0.6,
        "recall": 0.047619047619047616,
        "f1-score": 0.08823529411764706,
        "support": 63.0
      },
      "2": {
        "precision": 0.0,
        "recall": 0.0,
        "f1-score": 0.0,
        "support": 60.0
      },
      "3": {
        "precision": 0.8,
        "recall": 0.06153846153846154,
        "f1-score": 0.11428571428571428,
        "support": 65.0
      },
      "4": {
        "precision": 0.696969696969697,
        "recall": 0.27710843373493976,
        "f1-score": 0.39655172413793105,
        "support": 83.0
      },
      "5": {
        "precision": 0.5076923076923077,
        "recall": 0.4125,
        "f1-score": 0.45517241379310347,
        "support": 80.0
      },
      "6": {
        "precision": 0.46060606060606063,
        "recall": 0.926829268292683,
        "f1-score": 0.6153846153846154,
        "support": 82.0
      },
      "macro avg": {
        "precision": 0.4802468917513165,